window_start,window_center,tonal_stability,avg_polyphony,num_events
0.0,0.5,0.35231453762200304,5.0,10
0.1,0.6,0.45989392437381793,5.545454545454546,11
0.2,0.7,0.45989392437381793,5.545454545454546,11
0.30000000000000004,0.8,0.45989392437381793,5.545454545454546,11
0.4,0.9,0.45989392437381793,5.545454545454546,11
0.5,1.0,0.45989392437381793,5.545454545454546,11
0.6000000000000001,1.1,0.3140380362325801,6.0,12
0.7000000000000001,1.2000000000000002,0.3140380362325801,6.0,12
0.8,1.3,0.3140380362325801,6.0,12
0.9,1.4,0.3140380362325801,6.0,12
1.0,1.5,0.3140380362325801,6.0,12
1.1,1.6,0.2500000000000001,6.0,12
1.2000000000000002,1.7000000000000002,0.2500000000000001,6.0,12
1.3,1.8,0.2500000000000001,6.0,12
1.4000000000000001,1.9000000000000001,0.2500000000000001,6.0,12
1.5,2.0,0.2500000000000001,6.0,12
1.6,2.1,0.34298098188370996,6.0,12
1.7000000000000002,2.2,0.34298098188370996,6.0,12
1.8,2.3,0.34298098188370996,6.0,12
1.9000000000000001,2.4000000000000004,0.34298098188370996,6.0,12
2.0,2.5,0.34298098188370996,6.0,12
2.1,2.6,0.34349830769386236,6.538461538461538,13
2.2,2.7,0.34349830769386236,6.538461538461538,13
2.3000000000000003,2.8000000000000003,0.34349830769386236,6.538461538461538,13
2.4000000000000004,2.9000000000000004,0.34349830769386236,6.538461538461538,13
2.5,3.0,0.34349830769386236,6.538461538461538,13
2.6,3.1,0.2717978938952653,7.0,14
2.7,3.2,0.2717978938952653,7.0,14
2.8000000000000003,3.3000000000000003,0.2717978938952653,7.0,14
2.9000000000000004,3.4000000000000004,0.2717978938952653,7.0,14
3.0,3.5,0.2717978938952653,7.0,14
3.1,3.6,0.24698965476572543,7.0,14
3.2,3.7,0.24698965476572543,7.0,14
3.3000000000000003,3.8000000000000003,0.24698965476572543,7.0,14
3.4000000000000004,3.9000000000000004,0.24698965476572543,7.0,14
3.5,4.0,0.24698965476572543,7.0,14
3.6,4.1,0.2589699999381987,7.533333333333333,15
3.7,4.2,0.2589699999381987,7.533333333333333,15
3.8000000000000003,4.300000000000001,0.2589699999381987,7.533333333333333,15
3.9000000000000004,4.4,0.2589699999381987,7.533333333333333,15
4.0,4.5,0.2589699999381987,7.533333333333333,15
4.1000000000000005,4.6000000000000005,0.3221584515630397,8.0,16
4.2,4.7,0.3221584515630397,8.0,16
4.3,4.8,0.3221584515630397,8.0,16
4.4,4.9,0.3221584515630397,8.0,16
4.5,5.0,0.3221584515630397,8.0,16
4.6000000000000005,5.1000000000000005,0.3655728700397346,8.0,16
4.7,5.2,0.3655728700397346,8.0,16
4.800000000000001,5.300000000000001,0.3655728700397346,8.0,16
4.9,5.4,0.3655728700397346,8.0,16
5.0,5.5,0.3655728700397346,8.0,16
5.1000000000000005,5.6000000000000005,0.3221584515630397,8.0,16
5.2,5.7,0.3221584515630397,8.0,16
5.300000000000001,5.800000000000001,0.3221584515630397,8.0,16
5.4,5.9,0.3221584515630397,8.0,16
5.5,6.0,0.3221584515630397,8.0,16
5.6000000000000005,6.1000000000000005,0.32524783869249163,8.529411764705882,17
5.7,6.2,0.32524783869249163,8.529411764705882,17
5.800000000000001,6.300000000000001,0.32524783869249163,8.529411764705882,17
5.9,6.4,0.32524783869249163,8.529411764705882,17
6.0,6.5,0.32524783869249163,8.529411764705882,17
6.1000000000000005,6.6000000000000005,0.32667807167075513,9.0,18
6.2,6.7,0.32667807167075513,9.0,18
6.300000000000001,6.800000000000001,0.32667807167075513,9.0,18
6.4,6.9,0.32667807167075513,9.0,18
6.5,7.0,0.32667807167075513,9.0,18
6.6000000000000005,7.1000000000000005,0.2631431521704327,9.0,18
6.7,7.2,0.2631431521704327,9.0,18
6.800000000000001,7.300000000000001,0.2631431521704327,9.0,18
6.9,7.4,0.2631431521704327,9.0,18
7.0,7.5,0.2631431521704327,9.0,18
7.1000000000000005,7.6000000000000005,0.32919987252919625,9.526315789473685,19
7.2,7.7,0.32919987252919625,9.526315789473685,19
7.300000000000001,7.800000000000001,0.32919987252919625,9.526315789473685,19
7.4,7.9,0.32919987252919625,9.526315789473685,19
7.5,8.0,0.32919987252919625,9.526315789473685,19
7.6000000000000005,8.100000000000001,0.31213860104446856,10.0,20
7.7,8.2,0.31213860104446856,10.0,20
7.800000000000001,8.3,0.31213860104446856,10.0,20
7.9,8.4,0.31213860104446856,10.0,20
8.0,8.5,0.31213860104446856,10.0,20
8.1,8.6,0.25495717349417835,10.0,20
8.200000000000001,8.700000000000001,0.25495717349417835,10.0,20
8.3,8.8,0.25495717349417835,10.0,20
8.4,8.9,0.25495717349417835,10.0,20
8.5,9.0,0.25495717349417835,10.0,20
8.6,9.1,0.25782397085558995,10.523809523809524,21
8.700000000000001,9.200000000000001,0.25782397085558995,10.523809523809524,21
8.8,9.3,0.25782397085558995,10.523809523809524,21
8.9,9.4,0.25782397085558995,10.523809523809524,21
9.0,9.5,0.25782397085558995,10.523809523809524,21
9.1,9.6,0.28700670930333216,11.0,22
9.200000000000001,9.700000000000001,0.28700670930333216,11.0,22
9.3,9.8,0.28700670930333216,11.0,22
9.4,9.9,0.28700670930333216,11.0,22
9.5,10.0,0.28700670930333216,11.0,22
9.600000000000001,10.100000000000001,0.3123651589079801,11.0,22
9.700000000000001,10.200000000000001,0.3123651589079801,11.0,22
9.8,10.3,0.3123651589079801,11.0,22
9.9,10.4,0.3123651589079801,11.0,22
10.0,10.5,0.3123651589079801,11.0,22
10.100000000000001,10.600000000000001,0.2978443143892405,11.0,22
10.200000000000001,10.700000000000001,0.2978443143892405,11.0,22
10.3,10.8,0.2978443143892405,11.0,22
10.4,10.9,0.2978443143892405,11.0,22
10.5,11.0,0.2978443143892405,11.0,22
10.600000000000001,11.100000000000001,0.22056685796312148,11.521739130434783,23
10.700000000000001,11.200000000000001,0.22056685796312148,11.521739130434783,23
10.8,11.3,0.22056685796312148,11.521739130434783,23
10.9,11.4,0.22056685796312148,11.521739130434783,23
11.0,11.5,0.22056685796312148,11.521739130434783,23
11.100000000000001,11.600000000000001,0.32936997739326324,12.0,24
11.200000000000001,11.700000000000001,0.32936997739326324,12.0,24
11.3,11.8,0.32936997739326324,12.0,24
11.4,11.9,0.32936997739326324,12.0,24
11.5,12.0,0.32936997739326324,12.0,24
11.600000000000001,12.100000000000001,0.2309915256776195,12.0,24
11.700000000000001,12.200000000000001,0.2309915256776195,12.0,24
11.8,12.3,0.2309915256776195,12.0,24
11.9,12.4,0.2309915256776195,12.0,24
12.0,12.5,0.2309915256776195,12.0,24
12.100000000000001,12.600000000000001,0.24721986076333424,12.52,25
12.200000000000001,12.700000000000001,0.24721986076333424,12.52,25
12.3,12.8,0.24721986076333424,12.52,25
12.4,12.9,0.24721986076333424,12.52,25
12.5,13.0,0.24721986076333424,12.52,25
12.600000000000001,13.100000000000001,0.23621255936650476,13.0,26
12.700000000000001,13.200000000000001,0.23621255936650476,13.0,26
12.8,13.3,0.23621255936650476,13.0,26
12.9,13.4,0.23621255936650476,13.0,26
13.0,13.5,0.23621255936650476,13.0,26
13.100000000000001,13.600000000000001,0.25348170765030054,13.0,26
13.200000000000001,13.700000000000001,0.25348170765030054,13.0,26
13.3,13.8,0.25348170765030054,13.0,26
13.4,13.9,0.25348170765030054,13.0,26
13.5,14.0,0.25348170765030054,13.0,26
13.600000000000001,14.100000000000001,0.2672889165288834,13.0,26
13.700000000000001,14.200000000000001,0.2672889165288834,13.0,26
13.8,14.3,0.2672889165288834,13.0,26
13.9,14.4,0.2672889165288834,13.0,26
14.0,14.5,0.2672889165288834,13.0,26
14.100000000000001,14.600000000000001,0.24354079239731397,13.518518518518519,27
14.200000000000001,14.700000000000001,0.24354079239731397,13.518518518518519,27
14.3,14.8,0.24354079239731397,13.518518518518519,27
14.4,14.9,0.24354079239731397,13.518518518518519,27
14.5,15.0,0.24354079239731397,13.518518518518519,27
14.600000000000001,15.100000000000001,0.2278027029350319,14.0,28
14.700000000000001,15.200000000000001,0.2278027029350319,14.0,28
14.8,15.3,0.2278027029350319,14.0,28
14.9,15.4,0.2278027029350319,14.0,28
15.0,15.5,0.2278027029350319,14.0,28
15.100000000000001,15.600000000000001,0.2855864221173252,14.0,28
15.200000000000001,15.700000000000001,0.2855864221173252,14.0,28
15.3,15.8,0.2855864221173252,14.0,28
15.4,15.9,0.2855864221173252,14.0,28
15.5,16.0,0.2855864221173252,14.0,28
15.600000000000001,16.1,0.25457431339114,14.517241379310345,29
15.700000000000001,16.200000000000003,0.25457431339114,14.517241379310345,29
15.8,16.3,0.25457431339114,14.517241379310345,29
15.9,16.4,0.25457431339114,14.517241379310345,29
16.0,16.5,0.25457431339114,14.517241379310345,29
16.1,16.6,0.28002705428706876,15.0,30
16.2,16.7,0.28002705428706876,15.0,30
16.3,16.8,0.28002705428706876,15.0,30
16.400000000000002,16.900000000000002,0.28002705428706876,15.0,30
16.5,17.0,0.28002705428706876,15.0,30
16.6,17.1,0.34921020242717093,15.0,30
16.7,17.2,0.34921020242717093,15.0,30
16.8,17.3,0.34921020242717093,15.0,30
16.900000000000002,17.400000000000002,0.34921020242717093,15.0,30
17.0,17.5,0.34921020242717093,15.0,30
17.1,17.6,0.3021732075944443,15.516129032258064,31
17.2,17.7,0.3021732075944443,15.516129032258064,31
17.3,17.8,0.3021732075944443,15.516129032258064,31
17.400000000000002,17.900000000000002,0.3021732075944443,15.516129032258064,31
17.5,18.0,0.3021732075944443,15.516129032258064,31
17.6,18.1,0.24497186165369522,16.0,32
17.7,18.2,0.24497186165369522,16.0,32
17.8,18.3,0.24497186165369522,16.0,32
17.900000000000002,18.400000000000002,0.24497186165369522,16.0,32
18.0,18.5,0.24497186165369522,16.0,32
18.1,18.6,0.27910878568101993,16.0,32
18.2,18.7,0.27910878568101993,16.0,32
18.3,18.8,0.27910878568101993,16.0,32
18.400000000000002,18.900000000000002,0.27910878568101993,16.0,32
18.5,19.0,0.27910878568101993,16.0,32
18.6,19.1,0.24280438713829866,16.0,32
18.7,19.2,0.24280438713829866,16.0,32
18.8,19.3,0.24280438713829866,16.0,32
18.900000000000002,19.400000000000002,0.24280438713829866,16.0,32
19.0,19.5,0.24280438713829866,16.0,32
19.1,19.6,0.24477811564030072,16.515151515151516,33
19.200000000000003,19.700000000000003,0.24477811564030072,16.515151515151516,33
19.3,19.8,0.24477811564030072,16.515151515151516,33
19.400000000000002,19.900000000000002,0.24477811564030072,16.515151515151516,33
19.5,20.0,0.24477811564030072,16.515151515151516,33
19.6,20.1,0.24455782440576412,17.0,34
19.700000000000003,20.200000000000003,0.24455782440576412,17.0,34
19.8,20.3,0.24455782440576412,17.0,34
19.900000000000002,20.400000000000002,0.24455782440576412,17.0,34
20.0,20.5,0.24455782440576412,17.0,34
20.1,20.6,0.2733752475618355,17.0,34
20.200000000000003,20.700000000000003,0.2733752475618355,17.0,34
20.3,20.8,0.2733752475618355,17.0,34
20.400000000000002,20.900000000000002,0.2733752475618355,17.0,34
20.5,21.0,0.2733752475618355,17.0,34
20.6,21.1,0.22385368576925002,17.514285714285716,35
20.700000000000003,21.200000000000003,0.22385368576925002,17.514285714285716,35
20.8,21.3,0.22385368576925002,17.514285714285716,35
20.900000000000002,21.400000000000002,0.22385368576925002,17.514285714285716,35
21.0,21.5,0.22385368576925002,17.514285714285716,35
21.1,21.6,0.2381227442691921,18.0,36
21.200000000000003,21.700000000000003,0.2381227442691921,18.0,36
21.3,21.8,0.2381227442691921,18.0,36
21.400000000000002,21.900000000000002,0.2381227442691921,18.0,36
21.5,22.0,0.2381227442691921,18.0,36
21.6,22.1,0.22417351219975623,18.0,36
21.700000000000003,22.200000000000003,0.22417351219975623,18.0,36
21.8,22.3,0.22417351219975623,18.0,36
21.900000000000002,22.400000000000002,0.22417351219975623,18.0,36
22.0,22.5,0.22417351219975623,18.0,36
22.1,22.6,0.22989862300024355,18.0,36
22.200000000000003,22.700000000000003,0.22989862300024355,18.0,36
22.3,22.8,0.22989862300024355,18.0,36
22.400000000000002,22.900000000000002,0.22989862300024355,18.0,36
22.5,23.0,0.22989862300024355,18.0,36
22.6,23.1,0.23806157502284353,18.513513513513512,37
22.700000000000003,23.200000000000003,0.23806157502284353,18.513513513513512,37
22.8,23.3,0.23806157502284353,18.513513513513512,37
22.900000000000002,23.400000000000002,0.23806157502284353,18.513513513513512,37
23.0,23.5,0.23806157502284353,18.513513513513512,37
23.1,23.6,0.22941443441022025,19.0,38
23.200000000000003,23.700000000000003,0.22941443441022025,19.0,38
23.3,23.8,0.22941443441022025,19.0,38
23.400000000000002,23.900000000000002,0.22941443441022025,19.0,38
23.5,24.0,0.22941443441022025,19.0,38
23.6,24.1,0.24769418955830225,19.0,38
23.700000000000003,24.200000000000003,0.24769418955830225,19.0,38
23.8,24.3,0.24769418955830225,19.0,38
23.900000000000002,24.400000000000002,0.24769418955830225,19.0,38
24.0,24.5,0.24769418955830225,19.0,38
24.1,24.6,0.22404494502286632,19.512820512820515,39
24.200000000000003,24.700000000000003,0.22404494502286632,19.512820512820515,39
24.3,24.8,0.22404494502286632,19.512820512820515,39
24.400000000000002,24.900000000000002,0.22404494502286632,19.512820512820515,39
24.5,25.0,0.22404494502286632,19.512820512820515,39
24.6,25.1,0.262067080560492,20.0,40
24.700000000000003,25.200000000000003,0.262067080560492,20.0,40
24.8,25.3,0.262067080560492,20.0,40
24.900000000000002,25.400000000000002,0.262067080560492,20.0,40
25.0,25.5,0.262067080560492,20.0,40
25.1,25.6,0.24724337585894252,20.0,40
25.200000000000003,25.700000000000003,0.24724337585894252,20.0,40
25.3,25.8,0.24724337585894252,20.0,40
25.400000000000002,25.900000000000002,0.24724337585894252,20.0,40
25.5,26.0,0.24724337585894252,20.0,40
25.6,26.1,0.2546160323019253,20.0,40
25.700000000000003,26.200000000000003,0.2546160323019253,20.0,40
25.8,26.3,0.2546160323019253,20.0,40
25.900000000000002,26.400000000000002,0.2546160323019253,20.0,40
26.0,26.5,0.2546160323019253,20.0,40
26.1,26.6,0.2730313032322885,20.51219512195122,41
26.200000000000003,26.700000000000003,0.2730313032322885,20.51219512195122,41
26.3,26.8,0.2730313032322885,20.51219512195122,41
26.400000000000002,26.900000000000002,0.2730313032322885,20.51219512195122,41
26.5,27.0,0.2730313032322885,20.51219512195122,41
26.6,27.1,0.22937455339994184,21.0,42
26.700000000000003,27.200000000000003,0.22937455339994184,21.0,42
26.8,27.3,0.22937455339994184,21.0,42
26.900000000000002,27.400000000000002,0.22937455339994184,21.0,42
27.0,27.5,0.22937455339994184,21.0,42
27.1,27.6,0.2663530666131231,21.0,42
27.200000000000003,27.700000000000003,0.2663530666131231,21.0,42
27.3,27.8,0.2663530666131231,21.0,42
27.400000000000002,27.900000000000002,0.2663530666131231,21.0,42
27.5,28.0,0.2663530666131231,21.0,42
27.6,28.1,0.24122481256603767,21.511627906976745,43
27.700000000000003,28.200000000000003,0.24122481256603767,21.511627906976745,43
27.8,28.3,0.24122481256603767,21.511627906976745,43
27.900000000000002,28.400000000000002,0.24122481256603767,21.511627906976745,43
28.0,28.5,0.24122481256603767,21.511627906976745,43
28.1,28.6,0.2520768713582884,22.0,44
28.200000000000003,28.700000000000003,0.2520768713582884,22.0,44
28.3,28.8,0.2520768713582884,22.0,44
28.400000000000002,28.900000000000002,0.2520768713582884,22.0,44
28.5,29.0,0.2520768713582884,22.0,44
28.6,29.1,0.22698369636794924,22.0,44
28.700000000000003,29.200000000000003,0.22698369636794924,22.0,44
28.8,29.3,0.22698369636794924,22.0,44
28.900000000000002,29.400000000000002,0.22698369636794924,22.0,44
29.0,29.5,0.22698369636794924,22.0,44
29.1,29.6,0.2664339538688818,22.0,44
29.200000000000003,29.700000000000003,0.2664339538688818,22.0,44
29.3,29.8,0.2664339538688818,22.0,44
29.400000000000002,29.900000000000002,0.2664339538688818,22.0,44
29.5,30.0,0.2664339538688818,22.0,44
29.6,30.1,0.26226158722896786,22.511111111111113,45
29.700000000000003,30.200000000000003,0.26226158722896786,22.511111111111113,45
29.8,30.3,0.26226158722896786,22.511111111111113,45
29.900000000000002,30.400000000000002,0.26226158722896786,22.511111111111113,45
30.0,30.5,0.26226158722896786,22.511111111111113,45
30.1,30.6,0.30936675759124765,23.0,46
30.200000000000003,30.700000000000003,0.30936675759124765,23.0,46
30.3,30.8,0.30936675759124765,23.0,46
30.400000000000002,30.900000000000002,0.30936675759124765,23.0,46
30.5,31.0,0.30936675759124765,23.0,46
30.6,31.1,0.2524023808713778,23.0,46
30.700000000000003,31.200000000000003,0.2524023808713778,23.0,46
30.8,31.3,0.2524023808713778,23.0,46
30.900000000000002,31.400000000000002,0.2524023808713778,23.0,46
31.0,31.5,0.2524023808713778,23.0,46
31.1,31.6,0.23417463502923397,23.51063829787234,47
31.200000000000003,31.700000000000003,0.23417463502923397,23.51063829787234,47
31.3,31.8,0.23417463502923397,23.51063829787234,47
31.400000000000002,31.900000000000002,0.23417463502923397,23.51063829787234,47
31.5,32.0,0.23417463502923397,23.51063829787234,47
31.6,32.1,0.22230984692809486,24.0,48
31.700000000000003,32.2,0.22230984692809486,24.0,48
31.8,32.3,0.22230984692809486,24.0,48
31.900000000000002,32.400000000000006,0.22230984692809486,24.0,48
32.0,32.5,0.22230984692809486,24.0,48
32.1,32.6,0.24535303993300006,24.0,48
32.2,32.7,0.24535303993300006,24.0,48
32.300000000000004,32.800000000000004,0.24535303993300006,24.0,48
32.4,32.9,0.24535303993300006,24.0,48
32.5,33.0,0.24535303993300006,24.0,48
32.6,33.1,0.25290264217401637,24.510204081632654,49
32.7,33.2,0.25290264217401637,24.510204081632654,49
32.800000000000004,33.300000000000004,0.25290264217401637,24.510204081632654,49
32.9,33.4,0.25290264217401637,24.510204081632654,49
33.0,33.5,0.25290264217401637,24.510204081632654,49
33.1,33.6,0.231834502933561,25.0,50
33.2,33.7,0.231834502933561,25.0,50
33.300000000000004,33.800000000000004,0.231834502933561,25.0,50
33.4,33.9,0.231834502933561,25.0,50
33.5,34.0,0.231834502933561,25.0,50
33.6,34.1,0.23787673865511627,25.0,50
33.7,34.2,0.23787673865511627,25.0,50
33.800000000000004,34.300000000000004,0.23787673865511627,25.0,50
33.9,34.4,0.23787673865511627,25.0,50
34.0,34.5,0.23787673865511627,25.0,50
34.1,34.6,0.22184583531731317,25.0,50
34.2,34.7,0.22184583531731317,25.0,50
34.300000000000004,34.800000000000004,0.22184583531731317,25.0,50
34.4,34.9,0.22184583531731317,25.0,50
34.5,35.0,0.22184583531731317,25.0,50
34.6,35.1,0.2291376218611011,25.50980392156863,51
34.7,35.2,0.2291376218611011,25.50980392156863,51
34.800000000000004,35.300000000000004,0.2291376218611011,25.50980392156863,51
34.9,35.4,0.2291376218611011,25.50980392156863,51
35.0,35.5,0.2291376218611011,25.50980392156863,51
35.1,35.6,0.24201886497008074,26.0,52
35.2,35.7,0.24201886497008074,26.0,52
35.300000000000004,35.800000000000004,0.24201886497008074,26.0,52
35.4,35.9,0.24201886497008074,26.0,52
35.5,36.0,0.24201886497008074,26.0,52
35.6,36.1,0.24742416871297135,26.0,52
35.7,36.2,0.24742416871297135,26.0,52
35.800000000000004,36.300000000000004,0.24742416871297135,26.0,52
35.9,36.4,0.24742416871297135,26.0,52
36.0,36.5,0.24742416871297135,26.0,52
36.1,36.6,0.23761008202961864,26.50943396226415,53
36.2,36.7,0.23761008202961864,26.50943396226415,53
36.300000000000004,36.800000000000004,0.23761008202961864,26.50943396226415,53
36.4,36.9,0.23761008202961864,26.50943396226415,53
36.5,37.0,0.23761008202961864,26.50943396226415,53
36.6,37.1,0.25049742401371555,27.0,54
36.7,37.2,0.25049742401371555,27.0,54
36.800000000000004,37.300000000000004,0.25049742401371555,27.0,54
36.9,37.4,0.25049742401371555,27.0,54
37.0,37.5,0.25049742401371555,27.0,54
37.1,37.6,0.2438565578429559,27.0,54
37.2,37.7,0.2438565578429559,27.0,54
37.300000000000004,37.800000000000004,0.2438565578429559,27.0,54
37.4,37.9,0.2438565578429559,27.0,54
37.5,38.0,0.2438565578429559,27.0,54
37.6,38.1,0.23654329161525445,27.0,54
37.7,38.2,0.23654329161525445,27.0,54
37.800000000000004,38.300000000000004,0.23654329161525445,27.0,54
37.9,38.4,0.23654329161525445,27.0,54
38.0,38.5,0.23654329161525445,27.0,54
38.1,38.6,0.24007297900162583,27.509090909090908,55
38.2,38.7,0.24007297900162583,27.509090909090908,55
38.300000000000004,38.800000000000004,0.24007297900162583,27.509090909090908,55
38.400000000000006,38.900000000000006,0.24007297900162583,27.509090909090908,55
38.5,39.0,0.24007297900162583,27.509090909090908,55
38.6,39.1,0.2265917685577955,28.0,56
38.7,39.2,0.2265917685577955,28.0,56
38.800000000000004,39.300000000000004,0.2265917685577955,28.0,56
38.900000000000006,39.400000000000006,0.2265917685577955,28.0,56
39.0,39.5,0.2265917685577955,28.0,56
39.1,39.6,0.24292068789379828,28.0,56
39.2,39.7,0.24292068789379828,28.0,56
39.300000000000004,39.800000000000004,0.24292068789379828,28.0,56
39.400000000000006,39.900000000000006,0.24292068789379828,28.0,56
39.5,40.0,0.24292068789379828,28.0,56
39.6,40.1,0.250971499289144,28.50877192982456,57
39.7,40.2,0.250971499289144,28.50877192982456,57
39.800000000000004,40.300000000000004,0.250971499289144,28.50877192982456,57
39.900000000000006,40.400000000000006,0.250971499289144,28.50877192982456,57
40.0,40.5,0.250971499289144,28.50877192982456,57
40.1,40.6,0.2572102348053745,29.0,58
40.2,40.7,0.2572102348053745,29.0,58
40.300000000000004,40.800000000000004,0.2572102348053745,29.0,58
40.400000000000006,40.900000000000006,0.2572102348053745,29.0,58
40.5,41.0,0.2572102348053745,29.0,58
40.6,41.1,0.2573247343923487,29.0,58
40.7,41.2,0.2573247343923487,29.0,58
40.800000000000004,41.300000000000004,0.2573247343923487,29.0,58
40.900000000000006,41.400000000000006,0.2573247343923487,29.0,58
41.0,41.5,0.2573247343923487,29.0,58
41.1,41.6,0.2334885452642309,29.508474576271187,59
41.2,41.7,0.2334885452642309,29.508474576271187,59
41.300000000000004,41.800000000000004,0.2334885452642309,29.508474576271187,59
41.400000000000006,41.900000000000006,0.2334885452642309,29.508474576271187,59
41.5,42.0,0.2334885452642309,29.508474576271187,59
41.6,42.1,0.23680212398173972,30.0,60
41.7,42.2,0.23680212398173972,30.0,60
41.800000000000004,42.300000000000004,0.23680212398173972,30.0,60
41.900000000000006,42.400000000000006,0.23680212398173972,30.0,60
42.0,42.5,0.23680212398173972,30.0,60
42.1,42.6,0.24393296230429284,30.0,60
42.2,42.7,0.24393296230429284,30.0,60
42.300000000000004,42.800000000000004,0.24393296230429284,30.0,60
42.400000000000006,42.900000000000006,0.24393296230429284,30.0,60
42.5,43.0,0.24393296230429284,30.0,60
42.6,43.1,0.2239784123062306,30.0,60
42.7,43.2,0.2239784123062306,30.0,60
42.800000000000004,43.300000000000004,0.2239784123062306,30.0,60
42.900000000000006,43.400000000000006,0.2239784123062306,30.0,60
43.0,43.5,0.2239784123062306,30.0,60
43.1,43.6,0.23956850004515573,30.508196721311474,61
43.2,43.7,0.23956850004515573,30.508196721311474,61
43.300000000000004,43.800000000000004,0.23956850004515573,30.508196721311474,61
43.400000000000006,43.900000000000006,0.23956850004515573,30.508196721311474,61
43.5,44.0,0.23956850004515573,30.508196721311474,61
43.6,44.1,0.25307713895862705,31.0,62
43.7,44.2,0.25307713895862705,31.0,62
43.800000000000004,44.300000000000004,0.25307713895862705,31.0,62
43.900000000000006,44.400000000000006,0.25307713895862705,31.0,62
44.0,44.5,0.25307713895862705,31.0,62
44.1,44.6,0.24347437174277164,31.0,62
44.2,44.7,0.24347437174277164,31.0,62
44.300000000000004,44.800000000000004,0.24347437174277164,31.0,62
44.400000000000006,44.900000000000006,0.24347437174277164,31.0,62
44.5,45.0,0.24347437174277164,31.0,62
44.6,45.1,0.22897915728121754,31.50793650793651,63
44.7,45.2,0.22897915728121754,31.50793650793651,63
44.800000000000004,45.300000000000004,0.22897915728121754,31.50793650793651,63
44.900000000000006,45.400000000000006,0.22897915728121754,31.50793650793651,63
45.0,45.5,0.22897915728121754,31.50793650793651,63
45.1,45.6,0.27217573200009937,32.0,64
45.2,45.7,0.27217573200009937,32.0,64
45.300000000000004,45.800000000000004,0.27217573200009937,32.0,64
45.400000000000006,45.900000000000006,0.27217573200009937,32.0,64
45.5,46.0,0.27217573200009937,32.0,64
45.6,46.1,0.24474668889249396,32.0,64
45.7,46.2,0.24474668889249396,32.0,64
45.800000000000004,46.300000000000004,0.24474668889249396,32.0,64
45.900000000000006,46.400000000000006,0.24474668889249396,32.0,64
46.0,46.5,0.24474668889249396,32.0,64
46.1,46.6,0.22353191653160298,32.0,64
46.2,46.7,0.22353191653160298,32.0,64
46.300000000000004,46.800000000000004,0.22353191653160298,32.0,64
46.400000000000006,46.900000000000006,0.22353191653160298,32.0,64
46.5,47.0,0.22353191653160298,32.0,64
46.6,47.1,0.2328258564416793,32.50769230769231,65
46.7,47.2,0.2328258564416793,32.50769230769231,65
46.800000000000004,47.300000000000004,0.2328258564416793,32.50769230769231,65
46.900000000000006,47.400000000000006,0.2328258564416793,32.50769230769231,65
47.0,47.5,0.2328258564416793,32.50769230769231,65
47.1,47.6,0.23465158847438705,33.0,66
47.2,47.7,0.23465158847438705,33.0,66
47.300000000000004,47.800000000000004,0.23465158847438705,33.0,66
47.400000000000006,47.900000000000006,0.23465158847438705,33.0,66
47.5,48.0,0.23465158847438705,33.0,66
47.6,48.1,0.26390618451680226,33.0,66
47.7,48.2,0.26390618451680226,33.0,66
47.800000000000004,48.300000000000004,0.26390618451680226,33.0,66
47.900000000000006,48.400000000000006,0.26390618451680226,33.0,66
48.0,48.5,0.26390618451680226,33.0,66
48.1,48.6,0.24160441080592066,33.507462686567166,67
48.2,48.7,0.24160441080592066,33.507462686567166,67
48.300000000000004,48.800000000000004,0.24160441080592066,33.507462686567166,67
48.400000000000006,48.900000000000006,0.24160441080592066,33.507462686567166,67
48.5,49.0,0.24160441080592066,33.507462686567166,67
48.6,49.1,0.23166908061815095,34.0,68
48.7,49.2,0.23166908061815095,34.0,68
48.800000000000004,49.300000000000004,0.23166908061815095,34.0,68
48.900000000000006,49.400000000000006,0.23166908061815095,34.0,68
49.0,49.5,0.23166908061815095,34.0,68
49.1,49.6,0.23087304473655146,34.0,68
49.2,49.7,0.23087304473655146,34.0,68
49.300000000000004,49.800000000000004,0.23087304473655146,34.0,68
49.400000000000006,49.900000000000006,0.23087304473655146,34.0,68
49.5,50.0,0.23087304473655146,34.0,68
49.6,50.1,0.25130359521549495,34.0,68
49.7,50.2,0.25130359521549495,34.0,68
49.800000000000004,50.300000000000004,0.25130359521549495,34.0,68
49.900000000000006,50.400000000000006,0.25130359521549495,34.0,68
50.0,50.5,0.25130359521549495,34.0,68
50.1,50.6,0.24350896734380545,34.507246376811594,69
50.2,50.7,0.24350896734380545,34.507246376811594,69
50.300000000000004,50.800000000000004,0.24350896734380545,34.507246376811594,69
50.400000000000006,50.900000000000006,0.24350896734380545,34.507246376811594,69
50.5,51.0,0.24350896734380545,34.507246376811594,69
50.6,51.1,0.2398275321885508,35.0,70
50.7,51.2,0.2398275321885508,35.0,70
50.800000000000004,51.300000000000004,0.2398275321885508,35.0,70
50.900000000000006,51.400000000000006,0.2398275321885508,35.0,70
51.0,51.5,0.2398275321885508,35.0,70
51.1,51.6,0.2640059263526572,35.0,70
51.2,51.7,0.2640059263526572,35.0,70
51.300000000000004,51.800000000000004,0.2640059263526572,35.0,70
51.400000000000006,51.900000000000006,0.2640059263526572,35.0,70
51.5,52.0,0.2640059263526572,35.0,70
51.6,52.1,0.24888726207435563,35.50704225352113,71
51.7,52.2,0.24888726207435563,35.50704225352113,71
51.800000000000004,52.300000000000004,0.24888726207435563,35.50704225352113,71
51.900000000000006,52.400000000000006,0.24888726207435563,35.50704225352113,71
52.0,52.5,0.24888726207435563,35.50704225352113,71
52.1,52.6,0.2260561884498259,36.0,72
52.2,52.7,0.2260561884498259,36.0,72
52.300000000000004,52.800000000000004,0.2260561884498259,36.0,72
52.400000000000006,52.900000000000006,0.2260561884498259,36.0,72
52.5,53.0,0.2260561884498259,36.0,72
52.6,53.1,0.23396283506615834,36.0,72
52.7,53.2,0.23396283506615834,36.0,72
52.800000000000004,53.300000000000004,0.23396283506615834,36.0,72
52.900000000000006,53.400000000000006,0.23396283506615834,36.0,72
53.0,53.5,0.23396283506615834,36.0,72
53.1,53.6,0.2260561884498259,36.0,72
53.2,53.7,0.2260561884498259,36.0,72
53.300000000000004,53.800000000000004,0.2260561884498259,36.0,72
53.400000000000006,53.900000000000006,0.2260561884498259,36.0,72
53.5,54.0,0.2260561884498259,36.0,72
53.6,54.1,0.2261168668795095,36.50684931506849,73
53.7,54.2,0.2261168668795095,36.50684931506849,73
53.800000000000004,54.300000000000004,0.2261168668795095,36.50684931506849,73
53.900000000000006,54.400000000000006,0.2261168668795095,36.50684931506849,73
54.0,54.5,0.2261168668795095,36.50684931506849,73
54.1,54.6,0.22595574239722394,37.0,74
54.2,54.7,0.22595574239722394,37.0,74
54.300000000000004,54.800000000000004,0.22595574239722394,37.0,74
54.400000000000006,54.900000000000006,0.22595574239722394,37.0,74
54.5,55.0,0.22595574239722394,37.0,74
54.6,55.1,0.2331339250250848,37.0,74
54.7,55.2,0.2331339250250848,37.0,74
54.800000000000004,55.300000000000004,0.2331339250250848,37.0,74
54.900000000000006,55.400000000000006,0.2331339250250848,37.0,74
55.0,55.5,0.2331339250250848,37.0,74
55.1,55.6,0.22368958182163612,37.50666666666667,75
55.2,55.7,0.22368958182163612,37.50666666666667,75
55.300000000000004,55.800000000000004,0.22368958182163612,37.50666666666667,75
55.400000000000006,55.900000000000006,0.22368958182163612,37.50666666666667,75
55.5,56.0,0.22368958182163612,37.50666666666667,75
55.6,56.1,0.2290971662747856,38.0,76
55.7,56.2,0.2290971662747856,38.0,76
55.800000000000004,56.300000000000004,0.2290971662747856,38.0,76
55.900000000000006,56.400000000000006,0.2290971662747856,38.0,76
56.0,56.5,0.2290971662747856,38.0,76
56.1,56.6,0.24075497451435768,38.0,76
56.2,56.7,0.24075497451435768,38.0,76
56.300000000000004,56.800000000000004,0.24075497451435768,38.0,76
56.400000000000006,56.900000000000006,0.24075497451435768,38.0,76
56.5,57.0,0.24075497451435768,38.0,76
56.6,57.1,0.24577589101215236,38.506493506493506,77
56.7,57.2,0.24577589101215236,38.506493506493506,77
56.800000000000004,57.300000000000004,0.24577589101215236,38.506493506493506,77
56.900000000000006,57.400000000000006,0.24577589101215236,38.506493506493506,77
57.0,57.5,0.24577589101215236,38.506493506493506,77
57.1,57.6,0.24366646382610158,39.0,78
57.2,57.7,0.24366646382610158,39.0,78
57.300000000000004,57.800000000000004,0.24366646382610158,39.0,78
57.400000000000006,57.900000000000006,0.24366646382610158,39.0,78
57.5,58.0,0.24366646382610158,39.0,78
57.6,58.1,0.23094367963764062,39.0,78
57.7,58.2,0.23094367963764062,39.0,78
57.800000000000004,58.300000000000004,0.23094367963764062,39.0,78
57.900000000000006,58.400000000000006,0.23094367963764062,39.0,78
58.0,58.5,0.23094367963764062,39.0,78
58.1,58.6,0.23914655321182476,39.0,78
58.2,58.7,0.23914655321182476,39.0,78
58.300000000000004,58.800000000000004,0.23914655321182476,39.0,78
58.400000000000006,58.900000000000006,0.23914655321182476,39.0,78
58.5,59.0,0.23914655321182476,39.0,78
58.6,59.1,0.22451071570481107,39.50632911392405,79
58.7,59.2,0.22451071570481107,39.50632911392405,79
58.800000000000004,59.300000000000004,0.22451071570481107,39.50632911392405,79
58.900000000000006,59.400000000000006,0.22451071570481107,39.50632911392405,79
59.0,59.5,0.22451071570481107,39.50632911392405,79
59.1,59.6,0.22145234084985532,40.0,80
59.2,59.7,0.22145234084985532,40.0,80
59.300000000000004,59.800000000000004,0.22145234084985532,40.0,80
59.400000000000006,59.900000000000006,0.22145234084985532,40.0,80
59.5,60.0,0.22145234084985532,40.0,80
59.6,60.1,0.242986468783166,40.0,40
59.7,60.2,0.242986468783166,40.0,40
59.800000000000004,60.300000000000004,0.242986468783166,40.0,40
59.900000000000006,60.400000000000006,0.242986468783166,40.0,40
